{
  "metrics": {
    "Random Forest": {
      "rmse": 1.0235909892715676,
      "rmse_millions": 213.38315159132006,
      "mae": 0.773867242811514,
      "mae_millions": 120.05812582815972,
      "r2": 0.6606741185463135,
      "r2_original_scale": 0.5920828530368435,
      "mape": 213.4962037265959,
      "within_20_percent": 20.044876589379207,
      "within_30_percent": 28.57142857142857,
      "within_50_percent": 47.94315632011967
    },
    "XGBoost": {
      "rmse": 1.0437235231885744,
      "rmse_millions": 207.07786530194102,
      "mae": 0.78705654900161,
      "mae_millions": 116.87847002151861,
      "r2": 0.6471947648130311,
      "r2_original_scale": 0.6158338726173692,
      "mape": 219.00562823716564,
      "within_20_percent": 18.92296185489903,
      "within_30_percent": 28.49663425579656,
      "within_50_percent": 46.970830216903515
    },
    "LightGBM": {
      "rmse": 1.0235874329644747,
      "rmse_millions": 209.16922387307662,
      "mae": 0.7693223884831212,
      "mae_millions": 117.26013412531145,
      "r2": 0.6606764764118189,
      "r2_original_scale": 0.608035007286378,
      "mape": 212.18969252526253,
      "within_20_percent": 18.69857890800299,
      "within_30_percent": 29.693343305908755,
      "within_50_percent": 48.09274495138369
    },
    "Ensemble": {
      "rmse": 1.0180507134511063,
      "rmse_millions": 207.5890731774954,
      "mae": 0.7672855015374188,
      "mae_millions": 116.40847378113753,
      "r2": 0.6643374396866383,
      "r2_original_scale": 0.613934769016739,
      "mape": 210.27713742650036,
      "within_20_percent": 18.997756170531037,
      "within_30_percent": 28.646222887060585,
      "within_50_percent": 48.46671652954376
    }
  },
  "best_model": "XGBoost",
  "feature_names": [
    "pitchbook_valuation_usd_millions",
    "employee_count_pitchbook",
    "pitchbook_last_financing_size_usd_millions",
    "total_funding_usd",
    "num_funding_rounds",
    "avg_round_size_usd",
    "total_investors",
    "months_since_last_funding",
    "funding_stage_encoded",
    "company_age_years",
    "num_pe_investors",
    "is_pe_backed",
    "log_employees",
    "employees_squared",
    "avg_funding_per_round",
    "log_total_funding",
    "funding_efficiency",
    "log_valuation",
    "valuation_per_employee",
    "age_squared",
    "is_young_company",
    "is_mature_company",
    "funding_recency_score",
    "has_pe_backing",
    "pe_investor_strength",
    "is_growth_stage",
    "is_early_stage",
    "is_top_country",
    "is_tech_sector",
    "employees_x_stage",
    "valuation_growth_rate",
    "pitchbook_primary_industry_sector_freq",
    "pitchbook_primary_industry_sector_encoded",
    "pitchbook_primary_industry_group_freq",
    "pitchbook_primary_industry_group_encoded",
    "pitchbook_hq_country_freq",
    "pitchbook_hq_country_encoded",
    "latest_funding_type_freq",
    "latest_funding_type_encoded",
    "crunchbase_revenue_range_freq",
    "crunchbase_revenue_range_encoded",
    "company_size_category_freq",
    "company_size_category_encoded"
  ],
  "training_samples": 5346,
  "test_samples": 1337,
  "ensemble_weights": {
    "Random Forest": 0.3333333333333333,
    "XGBoost": 0.3333333333333333,
    "LightGBM": 0.3333333333333333
  }
}